text,date,char,sentiment,polarity,subjectivity,timestamp,Preprocess
Mansion pool party at 2 üíÉüèªüíÉüèªüíÉüèª,05/18/2019,"#khaleesi OR #DaenerysTargaryen OR #Dracarys OR ""khaleesi"" OR ""Daenerys Targaryen"" OR ""Dracarys""",Neu,0.0,0.0,05/18/2019 19:35:33,mansion pool party at 2
RT @gulzaarAvi: :) Follow every√∏ne that Likes this! üéôÔ∏è üíò üíï,05/18/2019,"#khaleesi OR #DaenerysTargaryen OR #Dracarys OR ""khaleesi"" OR ""Daenerys Targaryen"" OR ""Dracarys""",Pos,0.625,1.0,05/18/2019 19:35:31,rt gulzaaravi follow every√∏ne that like this
RT @1dffxhelp: follow everyone who rts &amp; likes this ‚úÖ,05/18/2019,"#khaleesi OR #DaenerysTargaryen OR #Dracarys OR ""khaleesi"" OR ""Daenerys Targaryen"" OR ""Dracarys""",Neu,0.0,0.0,05/18/2019 19:35:23,rt 1dffxhelp follow everyone who rts amp like this
RT @starkrings: jaime lannister charging at daenerys targaryen set to ‚Äúold town road‚Äù https://t.co/F7J0ttIAm8,05/18/2019,"#khaleesi OR #DaenerysTargaryen OR #Dracarys OR ""khaleesi"" OR ""Daenerys Targaryen"" OR ""Dracarys""",Pos,0.1,0.2,05/18/2019 19:35:23,rt starkrings jaime lannister charging at daenerys targaryen set to old town road http co f7j0ttiam8
RT @ffxtrick: Follow everyone who Likes and Retweets this üåº,05/18/2019,"#khaleesi OR #DaenerysTargaryen OR #Dracarys OR ""khaleesi"" OR ""Daenerys Targaryen"" OR ""Dracarys""",Neu,0.0,0.0,05/18/2019 19:35:13,rt ffxtrick follow everyone who like and retweets this
'Britain's Daenerys Targaryen' slaughtered civilians and burnt conquered cities https://t.co/bUOMRahNDP https://t.co/6w7Bo2fzWg,05/18/2019,"#khaleesi OR #DaenerysTargaryen OR #Dracarys OR ""khaleesi"" OR ""Daenerys Targaryen"" OR ""Dracarys""",Neu,0.0,0.0,05/18/2019 19:34:51,britain daenerys targaryen slaughtered civilian and burnt conquered city http co buomrahndp http co 6w7bo2fzwg
RT @apiecebyguy: Jon Snow training for Daenerys Targaryen https://t.co/Zg7xvENnlr,05/18/2019,"#khaleesi OR #DaenerysTargaryen OR #Dracarys OR ""khaleesi"" OR ""Daenerys Targaryen"" OR ""Dracarys""",Neu,0.0,0.0,05/18/2019 19:34:38,rt apiecebyguy jon snow training for daenerys targaryen http co zg7xvennlr
@Efrancoloor Dracarys https://t.co/GINQqHSi7g,05/18/2019,"#khaleesi OR #DaenerysTargaryen OR #Dracarys OR ""khaleesi"" OR ""Daenerys Targaryen"" OR ""Dracarys""",Neu,0.0,0.0,05/18/2019 19:34:19,efrancoloor dracarys http co ginqqhsi7g
i just saw someone get a dracarys tattoo. I SCREAMED WHY,05/18/2019,"#khaleesi OR #DaenerysTargaryen OR #Dracarys OR ""khaleesi"" OR ""Daenerys Targaryen"" OR ""Dracarys""",Neu,0.0,0.0,05/18/2019 19:34:12,i just saw someone get dracarys tattoo screamed why
"RT @thronesfacts: Daenerys Targaryen: Queen of the Ashes

#GameofThrones https://t.co/nXCTeXVZfp",05/18/2019,"#khaleesi OR #DaenerysTargaryen OR #Dracarys OR ""khaleesi"" OR ""Daenerys Targaryen"" OR ""Dracarys""",Neu,0.0,0.0,05/18/2019 19:34:01,rt thronesfacts daenerys targaryen queen of the ash gameofthrones http co nxctexvzfp
"RT @asr3followoc: How Many Followers You Want?
1000 Retweet ‚ù§Ô∏è 1000 Followers
2000 Retweet ‚ù§Ô∏è 2000 Followers
3000 Retweet ‚ù§Ô∏è 3000 Followers‚Ä¶",05/18/2019,"#khaleesi OR #DaenerysTargaryen OR #Dracarys OR ""khaleesi"" OR ""Daenerys Targaryen"" OR ""Dracarys""",Pos,0.5,0.5,05/18/2019 19:33:57,rt asr3followoc how many follower you want 1000 retweet 1000 follower 2000 retweet 2000 follower 3000 retweet 3000 follower
"RT @realjoebobo: Let's make new Friends 

Follow everyone who Likes and Retweet this",05/18/2019,"#khaleesi OR #DaenerysTargaryen OR #Dracarys OR ""khaleesi"" OR ""Daenerys Targaryen"" OR ""Dracarys""",Pos,0.13636363636363635,0.45454545454545453,05/18/2019 19:33:51,rt realjoebobo let make new friend follow everyone who like and retweet this
"RT @Igbtdany: interviewer: sansa hasn‚Äôt lost her shit. arya hasn‚Äôt lost her shit. it‚Äôs the arc of dany‚Äôs character...

not on daenerys targ‚Ä¶",05/18/2019,"#khaleesi OR #DaenerysTargaryen OR #Dracarys OR ""khaleesi"" OR ""Daenerys Targaryen"" OR ""Dracarys""",Neg,-0.2,0.8,05/18/2019 19:33:49,rt igbtdany interviewer sansa hasn lost her shit arya hasn lost her shit it the arc of dany character not on daenerys targ
"RT @BullyFreeBC: Beating the blues with blues: Rita Chiarelli takes music and salvation to imprisoned women | "" ... in this darkness what I‚Ä¶",05/18/2019,"#khaleesi OR #DaenerysTargaryen OR #Dracarys OR ""khaleesi"" OR ""Daenerys Targaryen"" OR ""Dracarys""",Neu,0.0,0.0,05/18/2019 19:33:31,rt bullyfreebc beating the blue with blue rita chiarelli take music and salvation to imprisoned woman in this darkness what
"RT @GainVVIP: Hello Tweepsüòá
Gain 700+ Real Actives Quick worldwideüíö

üö© Retweet Fast ‚ô•Ô∏è
üö© Follow everyone
üö© Follow back üíØ
üö© Follow me ‚èπ
üö© Re‚Ä¶",05/18/2019,"#khaleesi OR #DaenerysTargaryen OR #Dracarys OR ""khaleesi"" OR ""Daenerys Targaryen"" OR ""Dracarys""",Pos,0.18333333333333335,0.35,05/18/2019 19:33:25,rt gainvvip hello tweeps gain 700 real active quick worldwide retweet fast follow everyone follow back follow me re
@ToniKuyinu Dracarys,05/18/2019,"#khaleesi OR #DaenerysTargaryen OR #Dracarys OR ""khaleesi"" OR ""Daenerys Targaryen"" OR ""Dracarys""",Neu,0.0,0.0,05/18/2019 19:33:20,tonikuyinu dracarys
"""Let it be fear."" -#DaenerysTargaryen 

(via @GameOfThrones | @RobertMBall) https://t.co/PkdPurJYH0",05/18/2019,"#khaleesi OR #DaenerysTargaryen OR #Dracarys OR ""khaleesi"" OR ""Daenerys Targaryen"" OR ""Dracarys""",Neu,0.0,0.0,05/18/2019 19:33:20,let it be fear daenerystargaryen via gameofthrones robertmball http co pkdpurjyh0
#AddGOTImproveAnything Dracarys and bad decisions https://t.co/DQsFKyXRhp,05/18/2019,"#khaleesi OR #DaenerysTargaryen OR #Dracarys OR ""khaleesi"" OR ""Daenerys Targaryen"" OR ""Dracarys""",Neg,-0.6999999999999998,0.6666666666666666,05/18/2019 19:33:16,addgotimproveanything dracarys and bad decision http co dqsfkyxrhp
RT @Hugofv82: @Mourinhismo1902 Dracarys!! üî•üî•üî•üê≤,05/18/2019,"#khaleesi OR #DaenerysTargaryen OR #Dracarys OR ""khaleesi"" OR ""Daenerys Targaryen"" OR ""Dracarys""",Neu,0.0,0.0,05/18/2019 19:33:15,rt hugofv82 mourinhismo1902 dracarys
RT @plushybizzle: follow everyone that likes and retweets this to gain new followers. üíß,05/18/2019,"#khaleesi OR #DaenerysTargaryen OR #Dracarys OR ""khaleesi"" OR ""Daenerys Targaryen"" OR ""Dracarys""",Pos,0.13636363636363635,0.45454545454545453,05/18/2019 19:33:12,rt plushybizzle follow everyone that like and retweets this to gain new follower
@dog_rates I give Bailey a 14/10 https://t.co/t55MIkgDbm,05/18/2019,"#khaleesi OR #DaenerysTargaryen OR #Dracarys OR ""khaleesi"" OR ""Daenerys Targaryen"" OR ""Dracarys""",Neu,0.0,0.0,05/18/2019 19:33:05,dog_rates give bailey 14 10 http co t55mikgdbm
RT @apiecebyguy: Jon Snow training for Daenerys Targaryen https://t.co/Zg7xvENnlr,05/18/2019,"#khaleesi OR #DaenerysTargaryen OR #Dracarys OR ""khaleesi"" OR ""Daenerys Targaryen"" OR ""Dracarys""",Neu,0.0,0.0,05/18/2019 19:32:57,rt apiecebyguy jon snow training for daenerys targaryen http co zg7xvennlr
@Mourinhismo1902 Dracarys!! üî•üî•üî•üê≤,05/18/2019,"#khaleesi OR #DaenerysTargaryen OR #Dracarys OR ""khaleesi"" OR ""Daenerys Targaryen"" OR ""Dracarys""",Neu,0.0,0.0,05/18/2019 19:32:54,mourinhismo1902 dracarys
Dracarys bitches https://t.co/y0yLk295Ti,05/18/2019,"#khaleesi OR #DaenerysTargaryen OR #Dracarys OR ""khaleesi"" OR ""Daenerys Targaryen"" OR ""Dracarys""",Neu,0.0,0.0,05/18/2019 19:32:54,dracarys bitch http co y0ylk295ti
RT @ffxtrick: Follow everyone who Likes this üåπ,05/18/2019,"#khaleesi OR #DaenerysTargaryen OR #Dracarys OR ""khaleesi"" OR ""Daenerys Targaryen"" OR ""Dracarys""",Neu,0.0,0.0,05/18/2019 19:32:53,rt ffxtrick follow everyone who like this
RT @rizickyusuph1: follow everyone who LIKES thisüéà,05/18/2019,"#khaleesi OR #DaenerysTargaryen OR #Dracarys OR ""khaleesi"" OR ""Daenerys Targaryen"" OR ""Dracarys""",Neu,0.0,0.0,05/18/2019 19:32:49,rt rizickyusuph1 follow everyone who like this
"RT @Dieg0Portillo: Let's meet each other ‚ò∫üï∫.

1K RT =1K Followers
2K RT =2K Followers
3K RT =3K Followers
4K RT =4K Followers
5K RT =5K Fol‚Ä¶",05/18/2019,"#khaleesi OR #DaenerysTargaryen OR #Dracarys OR ""khaleesi"" OR ""Daenerys Targaryen"" OR ""Dracarys""",Neg,-0.125,0.375,05/18/2019 19:32:48,rt dieg0portillo let meet each other 1k rt 1k follower 2k rt 2k follower 3k rt 3k follower 4k rt 4k follower 5k rt 5k fol
@BMeinl Dracarys.,05/18/2019,"#khaleesi OR #DaenerysTargaryen OR #Dracarys OR ""khaleesi"" OR ""Daenerys Targaryen"" OR ""Dracarys""",Neu,0.0,0.0,05/18/2019 19:31:54,bmeinl dracarys
"RT @Caith_Sith: ""DRACARYS"" #Eurovision2019 https://t.co/Owzd6oLzSj",05/18/2019,"#khaleesi OR #DaenerysTargaryen OR #Dracarys OR ""khaleesi"" OR ""Daenerys Targaryen"" OR ""Dracarys""",Neu,0.0,0.0,05/18/2019 19:31:48,rt caith_sith dracarys eurovision2019 http co owzd6olzsj
RT @apiecebyguy: Jon Snow training for Daenerys Targaryen https://t.co/Zg7xvENnlr,05/18/2019,"#khaleesi OR #DaenerysTargaryen OR #Dracarys OR ""khaleesi"" OR ""Daenerys Targaryen"" OR ""Dracarys""",Neu,0.0,0.0,05/18/2019 19:31:34,rt apiecebyguy jon snow training for daenerys targaryen http co zg7xvennlr
"RT @Caith_Sith: ""DRACARYS"" #Eurovision2019 https://t.co/Owzd6oLzSj",05/18/2019,"#khaleesi OR #DaenerysTargaryen OR #Dracarys OR ""khaleesi"" OR ""Daenerys Targaryen"" OR ""Dracarys""",Neu,0.0,0.0,05/18/2019 19:31:31,rt caith_sith dracarys eurovision2019 http co owzd6olzsj
"Is your printer about to turn into a Game of Thrones dragon and go all ""Dracarys!"" Our video gives you the warning‚Ä¶ https://t.co/Zfa0GNv7ct",05/18/2019,"#khaleesi OR #DaenerysTargaryen OR #Dracarys OR ""khaleesi"" OR ""Daenerys Targaryen"" OR ""Dracarys""",Neg,-0.5,0.4,05/18/2019 19:31:20,is your printer about to turn into game of throne dragon and go all dracarys our video give you the warning http co zfa0gnv7ct
My dad was always right about Khaleesi.,05/18/2019,"#khaleesi OR #DaenerysTargaryen OR #Dracarys OR ""khaleesi"" OR ""Daenerys Targaryen"" OR ""Dracarys""",Pos,0.2857142857142857,0.5357142857142857,05/18/2019 19:31:19,my dad wa always right about khaleesi
"Is your printer about to turn into a Game of Thrones dragon and go all ""Dracarys!"" Our video gives you the warning‚Ä¶ https://t.co/7LPBPpkjji",05/18/2019,"#khaleesi OR #DaenerysTargaryen OR #Dracarys OR ""khaleesi"" OR ""Daenerys Targaryen"" OR ""Dracarys""",Neg,-0.5,0.4,05/18/2019 19:31:18,is your printer about to turn into game of throne dragon and go all dracarys our video give you the warning http co 7lpbppkjji
"RT @theseantcollins: I wrote about Daenerys Targaryen's ""The Ring is mine"" moment for @vulture. https://t.co/mrZyJ1fZYU",05/18/2019,"#khaleesi OR #DaenerysTargaryen OR #Dracarys OR ""khaleesi"" OR ""Daenerys Targaryen"" OR ""Dracarys""",Neu,0.0,0.0,05/18/2019 19:31:17,rt theseantcollins wrote about daenerys targaryen the ring is mine moment for vulture http co mrzyj1fzyu
"Is your printer about to turn into a Game of Thrones dragon and go all ""Dracarys!"" Our video gives you the warning‚Ä¶ https://t.co/QEs41zJsGQ",05/18/2019,"#khaleesi OR #DaenerysTargaryen OR #Dracarys OR ""khaleesi"" OR ""Daenerys Targaryen"" OR ""Dracarys""",Neg,-0.5,0.4,05/18/2019 19:31:14,is your printer about to turn into game of throne dragon and go all dracarys our video give you the warning http co qes41zjsgq
"Is your printer about to turn into a Game of Thrones dragon and go all ""Dracarys!"" Our video gives you the warning‚Ä¶ https://t.co/e1jeOtELM3",05/18/2019,"#khaleesi OR #DaenerysTargaryen OR #Dracarys OR ""khaleesi"" OR ""Daenerys Targaryen"" OR ""Dracarys""",Neg,-0.5,0.4,05/18/2019 19:31:11,is your printer about to turn into game of throne dragon and go all dracarys our video give you the warning http co e1jeotelm3
"RT @Xbox: Dracarys.

RT for a chance to win a Targaryen Xbox One S All-Digital Edition console. Head to Facebook for a shot at the Night Ki‚Ä¶",05/18/2019,"#khaleesi OR #DaenerysTargaryen OR #Dracarys OR ""khaleesi"" OR ""Daenerys Targaryen"" OR ""Dracarys""",Pos,0.8,0.4,05/18/2019 19:31:10,rt xbox dracarys rt for chance to win targaryen xbox one all digital edition console head to facebook for shot at the night ki
"Is your printer about to turn into a Game of Thrones dragon and go all ""Dracarys!"" Our video gives you the warning‚Ä¶ https://t.co/eQS68ruJMo",05/18/2019,"#khaleesi OR #DaenerysTargaryen OR #Dracarys OR ""khaleesi"" OR ""Daenerys Targaryen"" OR ""Dracarys""",Neg,-0.5,0.4,05/18/2019 19:31:06,is your printer about to turn into game of throne dragon and go all dracarys our video give you the warning http co eqs68rujmo
"Is your printer about to turn into a Game of Thrones dragon and go all ""Dracarys!"" Our video gives you the warning‚Ä¶ https://t.co/WEBL3EWdDi",05/18/2019,"#khaleesi OR #DaenerysTargaryen OR #Dracarys OR ""khaleesi"" OR ""Daenerys Targaryen"" OR ""Dracarys""",Neg,-0.5,0.4,05/18/2019 19:31:03,is your printer about to turn into game of throne dragon and go all dracarys our video give you the warning http co webl3ewddi
"Is your printer about to turn into a Game of Thrones dragon and go all ""Dracarys!"" Our video gives you the warning‚Ä¶ https://t.co/UdtGy2tv1b",05/18/2019,"#khaleesi OR #DaenerysTargaryen OR #Dracarys OR ""khaleesi"" OR ""Daenerys Targaryen"" OR ""Dracarys""",Neg,-0.5,0.4,05/18/2019 19:31:01,is your printer about to turn into game of throne dragon and go all dracarys our video give you the warning http co udtgy2tv1b
"Is your printer about to turn into a Game of Thrones dragon and go all ""Dracarys!"" Our video gives you the warning‚Ä¶ https://t.co/sKO6X8c2Cr",05/18/2019,"#khaleesi OR #DaenerysTargaryen OR #Dracarys OR ""khaleesi"" OR ""Daenerys Targaryen"" OR ""Dracarys""",Neg,-0.5,0.4,05/18/2019 19:31:00,is your printer about to turn into game of throne dragon and go all dracarys our video give you the warning http co sko6x8c2cr
"Is your printer about to turn into a Game of Thrones dragon and go all ""Dracarys!"" Our video gives you the warning‚Ä¶ https://t.co/60HHhiGwQi",05/18/2019,"#khaleesi OR #DaenerysTargaryen OR #Dracarys OR ""khaleesi"" OR ""Daenerys Targaryen"" OR ""Dracarys""",Neg,-0.5,0.4,05/18/2019 19:30:58,is your printer about to turn into game of throne dragon and go all dracarys our video give you the warning http co 60hhhigwqi
"Is your printer about to turn into a Game of Thrones dragon and go all ""Dracarys!"" Our video gives you the warning‚Ä¶ https://t.co/GN6IMr6PYr",05/18/2019,"#khaleesi OR #DaenerysTargaryen OR #Dracarys OR ""khaleesi"" OR ""Daenerys Targaryen"" OR ""Dracarys""",Neg,-0.5,0.4,05/18/2019 19:30:50,is your printer about to turn into game of throne dragon and go all dracarys our video give you the warning http co gn6imr6pyr
"Is your printer about to turn into a Game of Thrones dragon and go all ""Dracarys!"" Our video gives you the warning‚Ä¶ https://t.co/qfSG3IUxVj",05/18/2019,"#khaleesi OR #DaenerysTargaryen OR #Dracarys OR ""khaleesi"" OR ""Daenerys Targaryen"" OR ""Dracarys""",Neg,-0.5,0.4,05/18/2019 19:30:49,is your printer about to turn into game of throne dragon and go all dracarys our video give you the warning http co qfsg3iuxvj
"Is your printer about to turn into a Game of Thrones dragon and go all ""Dracarys!"" Our video gives you the warning‚Ä¶ https://t.co/DAE18AErl9",05/18/2019,"#khaleesi OR #DaenerysTargaryen OR #Dracarys OR ""khaleesi"" OR ""Daenerys Targaryen"" OR ""Dracarys""",Neg,-0.5,0.4,05/18/2019 19:30:49,is your printer about to turn into game of throne dragon and go all dracarys our video give you the warning http co dae18aerl9
"Notes on #GameOfThrones #S03 #E07 (4)
Khaleesi teaching intimidation 101
Love the animation of the dragons
Shae: 50‚Ä¶ https://t.co/7XXvtJiXMB",05/18/2019,"#khaleesi OR #DaenerysTargaryen OR #Dracarys OR ""khaleesi"" OR ""Daenerys Targaryen"" OR ""Dracarys""",Pos,0.5,0.6,05/18/2019 19:30:48,note on gameofthrones s03 e07 4 khaleesi teaching intimidation 101 love the animation of the dragon shae 50 http co 7xxvtjixmb
"Is your printer about to turn into a Game of Thrones dragon and go all ""Dracarys!"" Our video gives you the warning‚Ä¶ https://t.co/mEFDas1tXq",05/18/2019,"#khaleesi OR #DaenerysTargaryen OR #Dracarys OR ""khaleesi"" OR ""Daenerys Targaryen"" OR ""Dracarys""",Neg,-0.5,0.4,05/18/2019 19:30:47,is your printer about to turn into game of throne dragon and go all dracarys our video give you the warning http co mefdas1txq
"Is your printer about to turn into a Game of Thrones dragon and go all ""Dracarys!"" Our video gives you the warning‚Ä¶ https://t.co/kLOJiexE6C",05/18/2019,"#khaleesi OR #DaenerysTargaryen OR #Dracarys OR ""khaleesi"" OR ""Daenerys Targaryen"" OR ""Dracarys""",Neg,-0.5,0.4,05/18/2019 19:30:47,is your printer about to turn into game of throne dragon and go all dracarys our video give you the warning http co klojiexe6c
"Is your printer about to turn into a Game of Thrones dragon and go all ""Dracarys!"" Our video gives you the warning‚Ä¶ https://t.co/b5eUe8DeGE",05/18/2019,"#khaleesi OR #DaenerysTargaryen OR #Dracarys OR ""khaleesi"" OR ""Daenerys Targaryen"" OR ""Dracarys""",Neg,-0.5,0.4,05/18/2019 19:30:46,is your printer about to turn into game of throne dragon and go all dracarys our video give you the warning http co b5eue8dege
@Cin_Khaleesi here's your word cloud Ôºº(^o^)Ôºè (sponsored by https://t.co/zW213ftSN6 ) https://t.co/L7ahSR3LYY,05/18/2019,"#khaleesi OR #DaenerysTargaryen OR #Dracarys OR ""khaleesi"" OR ""Daenerys Targaryen"" OR ""Dracarys""",Neu,0.0,0.0,05/18/2019 19:30:45,cin_khaleesi here your word cloud sponsored by http co zw213ftsn6 http co l7ahsr3lyy
@eddygunners101 Thinking towards... After betnaija set my ticket on dracarys,05/18/2019,"#khaleesi OR #DaenerysTargaryen OR #Dracarys OR ""khaleesi"" OR ""Daenerys Targaryen"" OR ""Dracarys""",Neu,0.0,0.0,05/18/2019 19:30:43,eddygunners101 thinking towards after betnaija set my ticket on dracarys
Dracarys. #Eurovision,05/18/2019,"#khaleesi OR #DaenerysTargaryen OR #Dracarys OR ""khaleesi"" OR ""Daenerys Targaryen"" OR ""Dracarys""",Neu,0.0,0.0,05/18/2019 19:30:32,dracarys eurovision
RT @starkrings: jaime lannister charging at daenerys targaryen set to ‚Äúold town road‚Äù https://t.co/F7J0ttIAm8,05/18/2019,"#khaleesi OR #DaenerysTargaryen OR #Dracarys OR ""khaleesi"" OR ""Daenerys Targaryen"" OR ""Dracarys""",Pos,0.1,0.2,05/18/2019 19:30:27,rt starkrings jaime lannister charging at daenerys targaryen set to old town road http co f7j0ttiam8
"For those you who would be open to a less mainstream P.O.V...
#GameOfThrones‚ÄØ‚ÄØ‚ÄØ https://t.co/gmV3q7MHX2",05/18/2019,"#khaleesi OR #DaenerysTargaryen OR #Dracarys OR ""khaleesi"" OR ""Daenerys Targaryen"" OR ""Dracarys""",Neg,-0.08333333333333333,0.2833333333333333,05/18/2019 19:30:25,for those you who would be open to le mainstream o gameofthrones http co gmv3q7mhx2
RT @apiecebyguy: Jon Snow training for Daenerys Targaryen https://t.co/Zg7xvENnlr,05/18/2019,"#khaleesi OR #DaenerysTargaryen OR #Dracarys OR ""khaleesi"" OR ""Daenerys Targaryen"" OR ""Dracarys""",Neu,0.0,0.0,05/18/2019 19:30:24,rt apiecebyguy jon snow training for daenerys targaryen http co zg7xvennlr
"RT @rudebwoyc0: Me: ‚ÄúI‚Äôm really feeling this dude. He might make it somewhere.‚Äù
Me a week later:
https://t.co/tjI8wEJ1l1",05/18/2019,"#khaleesi OR #DaenerysTargaryen OR #Dracarys OR ""khaleesi"" OR ""Daenerys Targaryen"" OR ""Dracarys""",Pos,0.1,0.1,05/18/2019 19:30:24,rt rudebwoyc0 me m really feeling this dude he might make it somewhere me week later http co tji8wej1l1
"Taylor Morgan of the House Goff, First of Her Name, the Sunburnt, Queen of the Chicken Nuggets, Khaleesi of the Gre‚Ä¶ https://t.co/0r7ypRK8R8",05/18/2019,"#khaleesi OR #DaenerysTargaryen OR #Dracarys OR ""khaleesi"" OR ""Daenerys Targaryen"" OR ""Dracarys""",Neg,-0.175,0.6416666666666666,05/18/2019 19:30:22,taylor morgan of the house goff first of her name the sunburnt queen of the chicken nugget khaleesi of the gre http co 0r7yprk8r8
"RT @Caith_Sith: ""DRACARYS"" #Eurovision2019 https://t.co/Owzd6oLzSj",05/18/2019,"#khaleesi OR #DaenerysTargaryen OR #Dracarys OR ""khaleesi"" OR ""Daenerys Targaryen"" OR ""Dracarys""",Neu,0.0,0.0,05/18/2019 19:30:20,rt caith_sith dracarys eurovision2019 http co owzd6olzsj
Black-haired khaleesi &amp; a blond chick #DEU,05/18/2019,"#khaleesi OR #DaenerysTargaryen OR #Dracarys OR ""khaleesi"" OR ""Daenerys Targaryen"" OR ""Dracarys""",Neu,0.0,0.0,05/18/2019 19:30:10,black haired khaleesi amp blond chick deu
Dracarys!!! üê≤üî•üî•üî• #GameofThrones https://t.co/KL8s108u6V,05/18/2019,"#khaleesi OR #DaenerysTargaryen OR #Dracarys OR ""khaleesi"" OR ""Daenerys Targaryen"" OR ""Dracarys""",Neu,0.0,0.0,05/18/2019 19:30:00,dracarys gameofthrones http co kl8s108u6v
RT @starkrings: jaime lannister charging at daenerys targaryen set to ‚Äúold town road‚Äù https://t.co/F7J0ttIAm8,05/18/2019,"#khaleesi OR #DaenerysTargaryen OR #Dracarys OR ""khaleesi"" OR ""Daenerys Targaryen"" OR ""Dracarys""",Pos,0.1,0.2,05/18/2019 19:29:50,rt starkrings jaime lannister charging at daenerys targaryen set to old town road http co f7j0ttiam8
Leadership Lessons from Game of Thrones. What‚Äôs your take? https://t.co/Ll8QBWbTZK #LeadershipMatters #GameOfThrones #Khaleesi #got,05/18/2019,"#khaleesi OR #DaenerysTargaryen OR #Dracarys OR ""khaleesi"" OR ""Daenerys Targaryen"" OR ""Dracarys""",Neg,-0.4,0.4,05/18/2019 19:29:07,leadership lesson from game of throne what your take http co ll8qbwbtzk leadershipmatters gameofthrones khaleesi got
Dracarys https://t.co/b1JZggOjC1,05/18/2019,"#khaleesi OR #DaenerysTargaryen OR #Dracarys OR ""khaleesi"" OR ""Daenerys Targaryen"" OR ""Dracarys""",Neu,0.0,0.0,05/18/2019 19:28:59,dracarys http co b1jzggojc1
"RT @thronesfacts: Daenerys Targaryen: Queen of the Ashes

#GameofThrones https://t.co/nXCTeXVZfp",05/18/2019,"#khaleesi OR #DaenerysTargaryen OR #Dracarys OR ""khaleesi"" OR ""Daenerys Targaryen"" OR ""Dracarys""",Neu,0.0,0.0,05/18/2019 19:28:45,rt thronesfacts daenerys targaryen queen of the ash gameofthrones http co nxctexvzfp
"RT @thronesfacts: Daenerys Targaryen: Queen of the Ashes

#GameofThrones https://t.co/nXCTeXVZfp",05/18/2019,"#khaleesi OR #DaenerysTargaryen OR #Dracarys OR ""khaleesi"" OR ""Daenerys Targaryen"" OR ""Dracarys""",Neu,0.0,0.0,05/18/2019 19:28:36,rt thronesfacts daenerys targaryen queen of the ash gameofthrones http co nxctexvzfp
"RT @Xbox: Dracarys.

RT for a chance to win a Targaryen Xbox One S All-Digital Edition console. Head to Facebook for a shot at the Night Ki‚Ä¶",05/18/2019,"#khaleesi OR #DaenerysTargaryen OR #Dracarys OR ""khaleesi"" OR ""Daenerys Targaryen"" OR ""Dracarys""",Pos,0.8,0.4,05/18/2019 19:28:36,rt xbox dracarys rt for chance to win targaryen xbox one all digital edition console head to facebook for shot at the night ki
"RT @Scrface87: So is Daenerys Targaryen dying tomorrow night? 

#Daenerys #GOT #GameOfThrones",05/18/2019,"#khaleesi OR #DaenerysTargaryen OR #Dracarys OR ""khaleesi"" OR ""Daenerys Targaryen"" OR ""Dracarys""",Neu,0.0,0.0,05/18/2019 19:28:35,rt scrface87 so is daenerys targaryen dying tomorrow night daenerys got gameofthrones
RT @trianimalgeorge: Always good to see friends at the Expo. Khaleesi is racked and ready to go #currentsituation #f2cnutrition #trianimals‚Ä¶,05/18/2019,"#khaleesi OR #DaenerysTargaryen OR #Dracarys OR ""khaleesi"" OR ""Daenerys Targaryen"" OR ""Dracarys""",Pos,0.44999999999999996,0.55,05/18/2019 19:28:34,rt trianimalgeorge always good to see friend at the expo khaleesi is racked and ready to go currentsituation f2cnutrition trianimals
"RT @ElHuffPost: DRACARYS 

#EurovisionRTVE https://t.co/sxvlcEOBSS",05/18/2019,"#khaleesi OR #DaenerysTargaryen OR #Dracarys OR ""khaleesi"" OR ""Daenerys Targaryen"" OR ""Dracarys""",Neu,0.0,0.0,05/18/2019 19:28:16,rt elhuffpost dracarys eurovisionrtve http co sxvlceobss
RT @apiecebyguy: Jon Snow training for Daenerys Targaryen https://t.co/Zg7xvENnlr,05/18/2019,"#khaleesi OR #DaenerysTargaryen OR #Dracarys OR ""khaleesi"" OR ""Daenerys Targaryen"" OR ""Dracarys""",Neu,0.0,0.0,05/18/2019 19:27:53,rt apiecebyguy jon snow training for daenerys targaryen http co zg7xvennlr
This is cool @MarinaDiamandis https://t.co/UBHdEdiOgX #GameOfThrones #DaenerysTargaryen,05/18/2019,"#khaleesi OR #DaenerysTargaryen OR #Dracarys OR ""khaleesi"" OR ""Daenerys Targaryen"" OR ""Dracarys""",Pos,0.35,0.65,05/18/2019 19:27:49,this is cool marinadiamandis http co ubhdediogx gameofthrones daenerystargaryen
"RT @ElHuffPost: DRACARYS 

#EurovisionRTVE https://t.co/sxvlcEOBSS",05/18/2019,"#khaleesi OR #DaenerysTargaryen OR #Dracarys OR ""khaleesi"" OR ""Daenerys Targaryen"" OR ""Dracarys""",Neu,0.0,0.0,05/18/2019 19:27:47,rt elhuffpost dracarys eurovisionrtve http co sxvlceobss
@leollds Dracarys,05/18/2019,"#khaleesi OR #DaenerysTargaryen OR #Dracarys OR ""khaleesi"" OR ""Daenerys Targaryen"" OR ""Dracarys""",Neu,0.0,0.0,05/18/2019 19:27:43,leollds dracarys
"RT @theseantcollins: I wrote about Daenerys Targaryen's ""The Ring is mine"" moment for @vulture. https://t.co/mrZyJ1fZYU",05/18/2019,"#khaleesi OR #DaenerysTargaryen OR #Dracarys OR ""khaleesi"" OR ""Daenerys Targaryen"" OR ""Dracarys""",Neu,0.0,0.0,05/18/2019 19:27:35,rt theseantcollins wrote about daenerys targaryen the ring is mine moment for vulture http co mrzyj1fzyu
"- The world: SISTER CANCELLED #ByeSister 
+ James Charles: Dracarys https://t.co/Dia7sFa2bI",05/18/2019,"#khaleesi OR #DaenerysTargaryen OR #Dracarys OR ""khaleesi"" OR ""Daenerys Targaryen"" OR ""Dracarys""",Neu,0.0,0.0,05/18/2019 19:27:28,the world sister cancelled byesister james charles dracarys http co dia7sfa2bi
"RT @Xbox: Dracarys.

RT for a chance to win a Targaryen Xbox One S All-Digital Edition console. Head to Facebook for a shot at the Night Ki‚Ä¶",05/18/2019,"#khaleesi OR #DaenerysTargaryen OR #Dracarys OR ""khaleesi"" OR ""Daenerys Targaryen"" OR ""Dracarys""",Pos,0.8,0.4,05/18/2019 19:27:17,rt xbox dracarys rt for chance to win targaryen xbox one all digital edition console head to facebook for shot at the night ki
@kickthepj # dracarys,05/18/2019,"#khaleesi OR #DaenerysTargaryen OR #Dracarys OR ""khaleesi"" OR ""Daenerys Targaryen"" OR ""Dracarys""",Neu,0.0,0.0,05/18/2019 19:27:15,kickthepj dracarys
RT @tigrepersianero: Dracarys #Eurovision #EurovisionSongContest https://t.co/4iXH4IaVwp,05/18/2019,"#khaleesi OR #DaenerysTargaryen OR #Dracarys OR ""khaleesi"" OR ""Daenerys Targaryen"" OR ""Dracarys""",Neu,0.0,0.0,05/18/2019 19:26:43,rt tigrepersianero dracarys eurovision eurovisionsongcontest http co 4ixh4iavwp
RT @tigrepersianero: Dracarys #Eurovision #EurovisionSongContest https://t.co/4iXH4IaVwp,05/18/2019,"#khaleesi OR #DaenerysTargaryen OR #Dracarys OR ""khaleesi"" OR ""Daenerys Targaryen"" OR ""Dracarys""",Neu,0.0,0.0,05/18/2019 19:26:42,rt tigrepersianero dracarys eurovision eurovisionsongcontest http co 4ixh4iavwp
@archiert1 Pep saying ‚ÄúDracarys‚Äù!,05/18/2019,"#khaleesi OR #DaenerysTargaryen OR #Dracarys OR ""khaleesi"" OR ""Daenerys Targaryen"" OR ""Dracarys""",Neu,0.0,0.0,05/18/2019 19:26:39,archiert1 pep saying dracarys
@j_cole_rr But that‚Äôs the end of my sentence anyway ü§∑üèª‚Äç‚ôÄÔ∏èü§£ü§£ü§£,05/18/2019,"#khaleesi OR #DaenerysTargaryen OR #Dracarys OR ""khaleesi"" OR ""Daenerys Targaryen"" OR ""Dracarys""",Neu,0.0,0.0,05/18/2019 19:26:34,j_cole_rr but that the end of my sentence anyway
"RT @Igbtdany: interviewer: sansa hasn‚Äôt lost her shit. arya hasn‚Äôt lost her shit. it‚Äôs the arc of dany‚Äôs character...

not on daenerys targ‚Ä¶",05/18/2019,"#khaleesi OR #DaenerysTargaryen OR #Dracarys OR ""khaleesi"" OR ""Daenerys Targaryen"" OR ""Dracarys""",Neg,-0.2,0.8,05/18/2019 19:26:12,rt igbtdany interviewer sansa hasn lost her shit arya hasn lost her shit it the arc of dany character not on daenerys targ
"RT @Caith_Sith: ""DRACARYS"" #Eurovision2019 https://t.co/Owzd6oLzSj",05/18/2019,"#khaleesi OR #DaenerysTargaryen OR #Dracarys OR ""khaleesi"" OR ""Daenerys Targaryen"" OR ""Dracarys""",Neu,0.0,0.0,05/18/2019 19:26:12,rt caith_sith dracarys eurovision2019 http co owzd6olzsj
"RT @Genius: i was good on my own, that's the way it was https://t.co/imXVXB9gIk",05/18/2019,"#khaleesi OR #DaenerysTargaryen OR #Dracarys OR ""khaleesi"" OR ""Daenerys Targaryen"" OR ""Dracarys""",Pos,0.6499999999999999,0.8,05/18/2019 19:26:07,rt genius wa good on my own that the way it wa http co imxvxb9gik
RT @Carlos_Adama: Albania going full dracarys #Eurovision,05/18/2019,"#khaleesi OR #DaenerysTargaryen OR #Dracarys OR ""khaleesi"" OR ""Daenerys Targaryen"" OR ""Dracarys""",Pos,0.35,0.55,05/18/2019 19:25:56,rt carlos_adama albania going full dracarys eurovision
RT @wildtargaryen: jacob defending daenerys every chance he got WE NEVER STAN HARDER A KING A LITERALLY KING MAKE HIM THE KING ALREADY,05/18/2019,"#khaleesi OR #DaenerysTargaryen OR #Dracarys OR ""khaleesi"" OR ""Daenerys Targaryen"" OR ""Dracarys""",Neg,-0.1,0.0,05/18/2019 19:25:38,rt wildtargaryen jacob defending daenerys every chance he got we never stan harder king literally king make him the king already
"RT @thronesfacts: Daenerys Targaryen: Queen of the Ashes

#GameofThrones https://t.co/nXCTeXVZfp",05/18/2019,"#khaleesi OR #DaenerysTargaryen OR #Dracarys OR ""khaleesi"" OR ""Daenerys Targaryen"" OR ""Dracarys""",Neu,0.0,0.0,05/18/2019 19:25:36,rt thronesfacts daenerys targaryen queen of the ash gameofthrones http co nxctexvzfp
Can u believe that Dany's gonna die tommorow... I oop-,05/18/2019,"#khaleesi OR #DaenerysTargaryen OR #Dracarys OR ""khaleesi"" OR ""Daenerys Targaryen"" OR ""Dracarys""",Neu,0.0,0.0,05/18/2019 19:25:23,can believe that dany gonna die tommorow oop
"one character: daenerys targaryen

‚Äúi am not your little princess! i am daenerys stormborn and i will take what is‚Ä¶ https://t.co/27Qmw85ytp",05/18/2019,"#khaleesi OR #DaenerysTargaryen OR #Dracarys OR ""khaleesi"" OR ""Daenerys Targaryen"" OR ""Dracarys""",Neg,-0.234375,0.5,05/18/2019 19:25:22,one character daenerys targaryen am not your little princess am daenerys stormborn and will take what is http co 27qmw85ytp
RT @tigrepersianero: Dracarys #Eurovision #EurovisionSongContest https://t.co/4iXH4IaVwp,05/18/2019,"#khaleesi OR #DaenerysTargaryen OR #Dracarys OR ""khaleesi"" OR ""Daenerys Targaryen"" OR ""Dracarys""",Neu,0.0,0.0,05/18/2019 19:25:21,rt tigrepersianero dracarys eurovision eurovisionsongcontest http co 4ixh4iavwp
DRACARYS.,05/18/2019,"#khaleesi OR #DaenerysTargaryen OR #Dracarys OR ""khaleesi"" OR ""Daenerys Targaryen"" OR ""Dracarys""",Neu,0.0,0.0,05/18/2019 19:25:10,dracarys
How a park-strolling Manhattan optometrist became an unwitting guinea pig in a facial recognition experiment | CBC‚Ä¶ https://t.co/1HciQavmEi,05/18/2019,"#khaleesi OR #DaenerysTargaryen OR #Dracarys OR ""khaleesi"" OR ""Daenerys Targaryen"" OR ""Dracarys""",Neu,0.0,0.0,05/18/2019 19:25:04,how park strolling manhattan optometrist became an unwitting guinea pig in facial recognition experiment cbc http co 1hciqavmei
"RT @ElHuffPost: DRACARYS 

#EurovisionRTVE https://t.co/sxvlcEOBSS",05/18/2019,"#khaleesi OR #DaenerysTargaryen OR #Dracarys OR ""khaleesi"" OR ""Daenerys Targaryen"" OR ""Dracarys""",Neu,0.0,0.0,05/18/2019 19:24:56,rt elhuffpost dracarys eurovisionrtve http co sxvlceobss
@jamescharles You just came back with a Dracarys moment to the youtube sisterhood lol,05/18/2019,"#khaleesi OR #DaenerysTargaryen OR #Dracarys OR ""khaleesi"" OR ""Daenerys Targaryen"" OR ""Dracarys""",Pos,0.4,0.35,05/18/2019 19:24:48,jamescharles you just came back with dracarys moment to the youtube sisterhood lol
"RT @wildtargaryen: ‚ÄúJust do it, it‚Äôs alright. I will go to see my boys again.‚Äù - Daenerys Targaryen when Jon Snow goes to kill her https://‚Ä¶",05/18/2019,"#khaleesi OR #DaenerysTargaryen OR #Dracarys OR ""khaleesi"" OR ""Daenerys Targaryen"" OR ""Dracarys""",Neu,0.0,0.0,05/18/2019 19:24:45,rt wildtargaryen just do it it alright will go to see my boy again daenerys targaryen when jon snow go to kill her http
"RT @mhilal81: How many followers you want 
10k
20k
30k
40k
50k 
60k
70k
80k
90k 
100k
200k
300k
400k 
500k
600k
700k
800k
900k
1M
2M
3M
5M‚Ä¶",05/18/2019,"#khaleesi OR #DaenerysTargaryen OR #Dracarys OR ""khaleesi"" OR ""Daenerys Targaryen"" OR ""Dracarys""",Pos,0.5,0.5,05/18/2019 19:24:45,rt mhilal81 how many follower you want 10k 20k 30k 40k 50k 60k 70k 80k 90k 100k 200k 300k 400k 500k 600k 700k 800k 900k 1m 2m 3m 5m
"RT @Laywaney: üåøFollow Everone who like &amp; retweet this üíïüéÅ
üåøReply ""MNA""
üåøFollow Me IFB üíØ
üåøüåøüåøüåøüåøüåøüåøüåø",05/18/2019,"#khaleesi OR #DaenerysTargaryen OR #Dracarys OR ""khaleesi"" OR ""Daenerys Targaryen"" OR ""Dracarys""",Neu,0.0,0.0,05/18/2019 19:24:37,rt laywaney follow everone who like amp retweet this reply mna follow me ifb
"RT @Caith_Sith: ""DRACARYS"" #Eurovision2019 https://t.co/Owzd6oLzSj",05/18/2019,"#khaleesi OR #DaenerysTargaryen OR #Dracarys OR ""khaleesi"" OR ""Daenerys Targaryen"" OR ""Dracarys""",Neu,0.0,0.0,05/18/2019 19:24:34,rt caith_sith dracarys eurovision2019 http co owzd6olzsj
"RT @emmalunaknight: How many followers you want‚ùó‚ùì üòâ
üòç5k
üòé10k
üòò20k
üòÅ30k
üòù40k
ü§©50k
ü§Ø100k

REPLY With '' Hey '' Follow Whoever Likes ur Reply‚Ä¶",05/18/2019,"#khaleesi OR #DaenerysTargaryen OR #Dracarys OR ""khaleesi"" OR ""Daenerys Targaryen"" OR ""Dracarys""",Pos,0.5,0.5,05/18/2019 19:24:31,rt emmalunaknight how many follower you want 5k 10k 20k 30k 40k 50k 100k reply with hey follow whoever like ur reply
